1 , <__main__.Block object at 0x7f8786fff4a8> , a31602126c64e659c5f3d931848a4d9a62fcb62564f7d9ed958ed8b637de7bf4-ddb25405bb37e24aca835bd82c57e0b2fec9b750c31fc5b1a484469bbeae6cb3-0-21-Empty-94159853175077951661103888690135433463615749660269635418651436749889579790731 , a31602126c64e659c5f3d931848a4d9a62fcb62564f7d9ed958ed8b637de7bf4
2 , <__main__.Block object at 0x7f87870aa3c8> , 8a2817d6da9706225350d905456bedccc0c3083ed9a2d6c4a1f958983bce2826-18a264013e5b80d4cd43d5fb83b4c8b092cfd81d0defcc4960af006f97d7f1a5-1-5-Empty-51742862079072920464688815118921603518976612785955868040641103731932011547979 , 8a2817d6da9706225350d905456bedccc0c3083ed9a2d6c4a1f958983bce2826
3 , <__main__.Block object at 0x7f8787985048> , 01f0ca98ca4fb34bed6c41513f4fcab71af2f839c50fe45b60bab158d6144a7f-cb2109cf1b3cc8806ab033302d23589eaf0b950327af0104f62d4cb0c3e5beb3-2-2-Empty-82666879007890264638655813153317390485508731111749605867267999135566258007231 , 01f0ca98ca4fb34bed6c41513f4fcab71af2f839c50fe45b60bab158d6144a7f
4 , <__main__.Block object at 0x7f8787403400> , aa5489d19dbf38ce2b4c755fd1df107541f3ec6911a85f7533d948e3fca19ca6-784fe071784cc83463d8ce9b3a3b118f2155aa79ae66594e3a08f627b2106c40-3-2-Empty-45576570437064128893717062492720939717137615655211749622415464453865787825361 , aa5489d19dbf38ce2b4c755fd1df107541f3ec6911a85f7533d948e3fca19ca6
5 , <__main__.Block object at 0x7f8787118160> , 54080b64feb611bde301b8754a13764bf1f9d5c648e0e38c3a450ced90695776-f113980cf516b90ed89cb14169252e098eb92c19d012c4301757b9adad843560-4-2-0-07f1db801aaf2fb8c48fa7153a74492dd7086e0876eae69243ab1944d5b231ab39e76046f938c51c4a3326a325fe15edbe1d65d393553cc38814d447c756c823 , 54080b64feb611bde301b8754a13764bf1f9d5c648e0e38c3a450ced90695776
6 , <__main__.Block object at 0x7f878707a240> , 62ec14c5c936b1421a95bcfd8adb81e149a0e00d9ec531fac5e66c73b183f059-7d6496adc8379d3f49ca7415e13514914de985a4abc2121c87b99e41db34fbfd-5-3-Empty-35837034375279282461362545259913740759590563989393641830084876522156375612213 , 62ec14c5c936b1421a95bcfd8adb81e149a0e00d9ec531fac5e66c73b183f059
7 , <__main__.Block object at 0x7f878703e518> , a6dfc2ef7316761ac958dca60724136bfe44162ac32c8b7a52422a5426cee098-f476b007d1fc3249ffb023c4de43f991e1ad0a46c18eb668e1e3a14107f80bd5-6-3-Empty-113977682830960521828590579869955121645276562919589677971220890056985556404754 , a6dfc2ef7316761ac958dca60724136bfe44162ac32c8b7a52422a5426cee098
8 , <__main__.Block object at 0x7f8787215c18> , 7f582839b1a7030839d1586fb1381c29cbcef0811a026281ce99a3185aedb005-b4456c8b327da322576583dccedd4b5f3d660b9555af8ee80db74013b7259b2e-7-4-Empty-101861269950717898238574272829551366845743067656360520368337997650379893784405 , 7f582839b1a7030839d1586fb1381c29cbcef0811a026281ce99a3185aedb005
9 , <__main__.Block object at 0x7f878782fd30> , 44f256ffb04fd407e3997f1c840379153a86ead9c56733592dbe52f2f764ad23-2262e2bc8eafd0b200452c6e4c21472c44a639b42dce964a8f5855aef178cfab-8-3-Empty-33855861946037930801522492407999624026144888041564650653793775688367321571098 , 44f256ffb04fd407e3997f1c840379153a86ead9c56733592dbe52f2f764ad23
10 , <__main__.Block object at 0x7f87872f7080> , 3544fbd3e6df9c4b35ebee2f02079f16b7f6970e5f589f54d7160ff98f074f32-5a457d701d51a29a6521965719aee1a4f1c3a8ab02b718a4e309b5ad741a18c5-9-3-Empty-6304868973591509169493053823666822420029444531415747157535969965152170977773 , 3544fbd3e6df9c4b35ebee2f02079f16b7f6970e5f589f54d7160ff98f074f32
11 , <__main__.Block object at 0x7f8787423828> , 2eeb1683a1caaae9564b385e557d544be54469111e85655873225468b36998a5-6e3a1f91296427a74dff9a8dfa56fd52bb4b6759b07933ba8d1fc5efbb6aba6d-10-3-Empty-106701826559029201494717390987919047959377778431883314489799506177570002893956 , 2eeb1683a1caaae9564b385e557d544be54469111e85655873225468b36998a5
12 , <__main__.Block object at 0x7f87878535f8> , 8c994cf0a7660f3c4e6ddb0dd12a965aa299e8eaf9d8f2bbf60f1942d19f4ff4-82f847ed0b0c840f8dee9e5f9aa46dfaacd771bf5a30cbf2349aa05f41986ed3-11-10-Empty-18768508879806787791165329651610101197739794381357346728794624498986367458463 , 8c994cf0a7660f3c4e6ddb0dd12a965aa299e8eaf9d8f2bbf60f1942d19f4ff4
13 , <__main__.Block object at 0x7f878798f518> , 2bc406539e5e3036bf5d78aa951bfe2631ded294af7b2932264075c20fddec8f-99f8dcdbb99eaa1d22a7e049e005a497d676ce2a3b60148537a600fda8b74fe3-12-2-Empty-32291154259012068620548532680506134554567236762550001307948312395318377943448 , 2bc406539e5e3036bf5d78aa951bfe2631ded294af7b2932264075c20fddec8f
14 , <__main__.Block object at 0x7f878718f1d0> , 937dbe47233cbdae0d36ff7abc501b71bc5a7ffc50f7cd4b6606b50b0717523c-5905818f6e8780f3d3a0f959aa0b255c76312b5f568cbdd32e6e34bea1d5dea9-13-5-Empty-58881213480560724550459348086455627616943918540472960442382697302022934458399 , 937dbe47233cbdae0d36ff7abc501b71bc5a7ffc50f7cd4b6606b50b0717523c
15 , <__main__.Block object at 0x7f878731cc88> , ed65e558e12281be1b2e8f0f238020e2c4150d85d4f6fcd192e6fdefa467c5a6-622fd8d7e39abafaf9a3907f4c70b76c0af8c44a66190f55c3d15fa98f1e414c-14-4-0-ffe3d402b4df1b9d97f1e0ca6b8c29fc49e23445d36e855764960a6aa1dc69c615bef71de97bf99502cb283e8488304e48fa4e84b670b81edf0d113089dc65db , ed65e558e12281be1b2e8f0f238020e2c4150d85d4f6fcd192e6fdefa467c5a6
16 , <__main__.Block object at 0x7f87878b6630> , f0e74818056d399b49e9d8a8fc807970c378ae0ad8cf9e6e39170cd16520eeea-07d983adf31b9ef33e9a7d96e1f86eb1e072d36c91d8b0adae464a8aa1a6b2cb-15-12-Empty-48072122433988018774923132318427302547944986524726420798401407635500949767072 , f0e74818056d399b49e9d8a8fc807970c378ae0ad8cf9e6e39170cd16520eeea
17 , <__main__.Block object at 0x7f878799a048> , ed008108e613c45313903382f7a582be8d0fc8e5e90619904d8e2d7547149c1b-7f3846f43dd2d083321166e3798492cfc551cc2ebef961008fbb2952aad8468e-16-6-Empty-77308534496241728302746966177217726070768442910514003870921311962607972912787 , ed008108e613c45313903382f7a582be8d0fc8e5e90619904d8e2d7547149c1b
18 , <__main__.Block object at 0x7f8786d5b518> , ad8902427b00135404a6a6e26dfa76b067929916064d4c654843a655a0025b4e-09098ee78669cf2799bdeb9cdcc7126ad267c5f66f1f91211b630f152ff7333f-17-10-Empty-18652282516754931949859630886056042101661432212324850401397476581209723549792 , ad8902427b00135404a6a6e26dfa76b067929916064d4c654843a655a0025b4e
19 , <__main__.Block object at 0x7f87877285c0> , 8d26808d67d6473a72dce8da6f72309bd889abb5e5642fdad8663c9fbdef496f-0f635ed2748592a12614e5880559d525993234365bd67a4c0060ce667e32c67d-18-5-Empty-80694349037126474249205693105651235398224256922261292047629015201821064016824 , 8d26808d67d6473a72dce8da6f72309bd889abb5e5642fdad8663c9fbdef496f
20 , <__main__.Block object at 0x7f87875258d0> , b3ba8ab9a50e80a33297ed059d00344776798ed02fa0c9da7f5086dd68b7a9e1-eb4ab52eff598b2817cce6c89c4c9144ee7a0f1b2e8e7009b6d70106db13d5cf-19-4-Empty-63989708165823757875755844424747251750509706042242579146788711636995955856908 , b3ba8ab9a50e80a33297ed059d00344776798ed02fa0c9da7f5086dd68b7a9e1
21 , <__main__.Block object at 0x7f878713c630> , b74d361273c840ad648357bf81ba283cc8430c347e7b10c1e09e5815524aa149-70aa1eb41946b1a5cac9d484f75ff376ffecb3e4501292b756d7549b9f0d7caa-20-2-Empty-94012454662801784425371534749731213897381834806634564787668404659608522509383 , b74d361273c840ad648357bf81ba283cc8430c347e7b10c1e09e5815524aa149
22 , <__main__.Block object at 0x7f8787895668> , 42c4fd65f7aab740b27b360c4c1302d2af78bfe9fbb414194e315f735a2e3120-37abff4949687a103c2eff5cafba3096c8f1f535de2614e6e00a6106248e8591-21-6-Empty-81557914308975318251142848176762629687975426310509418140353150049851701784065 , 42c4fd65f7aab740b27b360c4c1302d2af78bfe9fbb414194e315f735a2e3120
23 , <__main__.Block object at 0x7f878710f438> , dddde7e75cad7d5c7c5caa71793c1ff01114e1b0f02ddf281f1541dcd8b141f9-2aa9ae62df1e39663468e5d747b2fbe29b64f7a843bb83994771db53da95babc-22-2-Empty-64276167821576358440530428298943727867456069725025459973315102006259112262993 , dddde7e75cad7d5c7c5caa71793c1ff01114e1b0f02ddf281f1541dcd8b141f9
24 , <__main__.Block object at 0x7f8787062cc0> , 54cf6491780e420767b37e743d730e8ced63326c790133890abfdc882acfba63-ca61593e6a9bae32ece0f225d7c163a0b20a08a5fe90db2399eb07bc15b87d9a-23-7-Empty-104222712950591077448033301525933215389878337638119399856148806497125218086843 , 54cf6491780e420767b37e743d730e8ced63326c790133890abfdc882acfba63
25 , <__main__.Block object at 0x7f87878d8d68> , 0ad2035c783c365a0d48bc436b744d10098af959fdb2be0f97776e02fbfc0374-5664b907b3000eb6cae81120d05b2b6145f02fc8079ae9076e7dc8e7bc380f6e-24-6-Empty-83966297514824126575460460461228143962265871721681415959003806333968711183635 , 0ad2035c783c365a0d48bc436b744d10098af959fdb2be0f97776e02fbfc0374
26 , <__main__.Block object at 0x7f87879237b8> , 0e567fbc37d721abceec2322210a5724dee3b1fc018e032b0d04e99f5f161b9a-ea9ed9bf3cf49d4d3dbe12fb92a550565235f115d94b3d7987e7887f041366e1-25-3-Empty-92211838222280010929465065986790068648054003844648681749765006519773279843525 , 0e567fbc37d721abceec2322210a5724dee3b1fc018e032b0d04e99f5f161b9a
27 , <__main__.Block object at 0x7f87878565c0> , c1c12572cf641bb5caa8b2e9ce54bcdfba16da09a371bc0c430546f3cf16a096-c51662295bf371e9b4f2c8078380b2dab779396411a42c9e4f5c1d661c73b18f-26-6-Empty-101668454129707900988647410162936317138313083620349375443862537540789619179944 , c1c12572cf641bb5caa8b2e9ce54bcdfba16da09a371bc0c430546f3cf16a096
28 , <__main__.Block object at 0x7f8787474400> , 3a15c89dda30ff3d5009c99a6f3e824348ed919aab3f4bb32b12ebd84d1cfd9e-7b3c82968ae69c128cefe82bfe6dcb5e1b49d2ac8f850d5981823a8f86a0e998-27-8-Empty-48946443024074304730424359877479370857289718413015781023632803438413894618548 , 3a15c89dda30ff3d5009c99a6f3e824348ed919aab3f4bb32b12ebd84d1cfd9e
29 , <__main__.Block object at 0x7f87871fb320> , 857d9200696791877e1039ad6b682a932fbe8ef9f270a749d62998a263963d29-6d1ed1e2635abf8a2d7326ec2a732a3d8d2f6b47f8972883f9ce12658690a137-28-6-Empty-14353575449035204726314356600338297086512939721960048182633097563964016641685 , 857d9200696791877e1039ad6b682a932fbe8ef9f270a749d62998a263963d29
30 , <__main__.Block object at 0x7f8787040f98> , 2d24299851438ce49743a338a1ddffcbbe249beb752f4caa02e8ba761dcc467f-246fb85fbc83b756f94c2c71302cbd89256597d84216c63ad0dda4da7e4773dd-29-3-Empty-110889785255911497645341842227010444751670276937011404612347346473254602923156 , 2d24299851438ce49743a338a1ddffcbbe249beb752f4caa02e8ba761dcc467f
31 , <__main__.Block object at 0x7f87872d0c50> , e4a2b6b3053cab591a07465e7e6a922e4c276aaba80e89b40ff86a9701eaf6d5-bf248d8bafe34c8ecf5550c18fea446e6219b404bb9b741ea82691c73e954bb8-30-14-Empty-27695367127620567898962878485247804143917336206842712616635084292385439048271 , e4a2b6b3053cab591a07465e7e6a922e4c276aaba80e89b40ff86a9701eaf6d5
32 , <__main__.Block object at 0x7f87873fca20> , c8fdff99bf98421a4a074a5f5ec3349cd4f29bbd08ed9dc6524e5c2b6e66daf9-4a1e3f9057c73e0df70a6679bf8aa450c904cbd064f789144c51a8d05efbbeee-31-9-Empty-15704984814281767433639431144275086916263923744153777176422080880998162170668 , c8fdff99bf98421a4a074a5f5ec3349cd4f29bbd08ed9dc6524e5c2b6e66daf9
33 , <__main__.Block object at 0x7f878714e208> , 44d26263de4833f7b1c0700fb506406af007d42c6475d89fceb189c5af32265c-22068a86b5f094de5310b3fd459737dc7802a3983ec41745465327489a4ed666-32-2-Empty-7029656920258320317869634272331682914173461684573050641920207702548076769819 , 44d26263de4833f7b1c0700fb506406af007d42c6475d89fceb189c5af32265c
34 , <__main__.Block object at 0x7f87870956d8> , 463877ff9950c3cfb561d8e55deace586c30bb9f6e1f84e198c16f1cfa83ad41-523fc9a715dd189373eda1910ceb662630600d855826119000f7552c1a73f453-33-6-Empty-100959438094562729855481798830291610052626137911728514740577335933962066555660 , 463877ff9950c3cfb561d8e55deace586c30bb9f6e1f84e198c16f1cfa83ad41
35 , <__main__.Block object at 0x7f8787331cc0> , f11fa4f315c36549e0b7e88b364619e778454be98776979072afe5b0c1ff5354-55291be01ee9c3c81597634a0e426226d210e47d53ed9b23bb59fd684033b37a-34-4-Empty-54370874307086203663584866520984803361501313134017308451355966562866595170109 , f11fa4f315c36549e0b7e88b364619e778454be98776979072afe5b0c1ff5354
36 , <__main__.Block object at 0x7f8787295a58> , aa5496ed743c1893594eca65689b0f7fa3b5af51f85e3cc3b11bbb216169a8ec-aec82bb5ae08d0fde49079fd5f331ef1d06d819bc289a2487b494d24d8dfb8af-35-8-Empty-24307956285286565583480216305382057456739980852773203394634612567953704856927 , aa5496ed743c1893594eca65689b0f7fa3b5af51f85e3cc3b11bbb216169a8ec
37 , <__main__.Block object at 0x7f87877df748> , f62ea8e34b482095e56814862fd5c77a917c73182e8d7f6e19d10ea51feeda75-7f48e470628fe14a5439bde317a8e5cff5ba275b2ffec18347e8950dade088d9-36-19-Empty-46409054451785652282403541563405803087384886129964413732323405438660418626444 , f62ea8e34b482095e56814862fd5c77a917c73182e8d7f6e19d10ea51feeda75
38 , <__main__.Block object at 0x7f87873124a8> , e3545aa299b0f6f09d7d395ced4d24718c53724f991f152832b13a195796c87f-ab253bedd3dcdea34ee568b9b1442b60b80b53f11f782e6ec64481dfd580a91c-37-5-Empty-82284277819134873625773946559709128058522338485090450307305710406036272991361 , e3545aa299b0f6f09d7d395ced4d24718c53724f991f152832b13a195796c87f
39 , <__main__.Block object at 0x7f8787322a20> , 554d65be4556194380ea0c3cf0ecf8d551849621f94f59f044a1ca0527f6558a-5312f8402b76ae6700be495be3b5bf111cd157ef90968f42be6cb1a00d009ff1-38-2-Empty-79337988517452290212567038151966063390078821497498846283371816629575186538317 , 554d65be4556194380ea0c3cf0ecf8d551849621f94f59f044a1ca0527f6558a
40 , <__main__.Block object at 0x7f87872af208> , c1863464afbcd9f36a25cc89e351e1de7a4d08c9d714966906c766af731ef9f8-8a758ca5653625b96d6bca2cf7d8024dc46f636d61d469f13d262b62affe9cf0-39-4-Empty-111687190184992531465877590180453201892106695885867388957349758515744108376312 , c1863464afbcd9f36a25cc89e351e1de7a4d08c9d714966906c766af731ef9f8
41 , <__main__.Block object at 0x7f878789c4e0> , ebb27d7d44011122587962fcde5708d7ae0069226e6621366eeb35e781aa5c76-53daaa34a1601f12097a4836194c86bf5e10b42e51e9dec88694eafc225703f4-40-7-Empty-32528017539941039100091688130504515982134034626497127591741325879017874267797 , ebb27d7d44011122587962fcde5708d7ae0069226e6621366eeb35e781aa5c76
42 , <__main__.Block object at 0x7f878719db00> , 613df036bdc48b0b006d025e5d15759c559792faec7580a7395bc4684b2b9202-a6e68eeff787c31d16129d8e8114b995931990c9529f0083fb1e847beae00da5-41-7-Empty-18687493138504155632582069177036989157119996549953188797348675738221082700587 , 613df036bdc48b0b006d025e5d15759c559792faec7580a7395bc4684b2b9202
43 , <__main__.Block object at 0x7f878708e780> , 215301aaca0c0699a3365ca8a76f48953a99fb6d6e9b39b7507bdb30f03337f8-2bc37ef1fcbab98bfa780274710105af4956cecce9f760b4415c74b9f5b83f9c-42-5-Empty-107272673696555614142885409419241884655338036278728250457589475403433030303641 , 215301aaca0c0699a3365ca8a76f48953a99fb6d6e9b39b7507bdb30f03337f8
44 , <__main__.Block object at 0x7f878706d9e8> , 541a8b660c67678f055347dea75ad7cb49476aed1127dba64212569b08d47923-4bc99800bfc35858cf623bf999b523612d81063f054f0af0004ce3a87035cdc6-43-4-Empty-9215368537031950082490507607860156678324347187685719165253486163393222227535 , 541a8b660c67678f055347dea75ad7cb49476aed1127dba64212569b08d47923
45 , <__main__.Block object at 0x7f8787435a20> , 1f6d5179c806207cadd694e6fd1709ca82bcd1483361fc0984235f6ff3f2d223-8a838792512caa87cb2157631a1f5cc2f431d6830b712f64e4ef446ed539313f-44-3-Empty-33817240179581789897227874198655970937106560384814414950625302691163685931727 , 1f6d5179c806207cadd694e6fd1709ca82bcd1483361fc0984235f6ff3f2d223
46 , <__main__.Block object at 0x7f8787894c18> , 949d9ff168ab5cb53a24f8d76ce0866460eb448b52fe5e08008ccda5440ce307-a499a951a9d847bb777e829933a3d2a685fbb9cc81c5dd048a9767d410b8f85c-45-3-Empty-44604031037801958613239182932261955987730668729756565650408989648823550438063 , 949d9ff168ab5cb53a24f8d76ce0866460eb448b52fe5e08008ccda5440ce307
47 , <__main__.Block object at 0x7f878718de10> , 60fe33c6d373aaea94d9e986985764d2e96d6a93a4a391d9aefff7bc11a921ea-1bf204e95edccd24c5ae9752545029c1e44c010363ff1de9632ce757d3c7c844-46-3-Empty-54347306280613672152277313029031404746345018141495164538151413083474637647926 , 60fe33c6d373aaea94d9e986985764d2e96d6a93a4a391d9aefff7bc11a921ea
48 , <__main__.Block object at 0x7f87879171d0> , 1d41aa5018f96bf98102653d63de902de7638c58f972bbd3cd9f9c905059b1f2-31f88f2f71918d9b8f9585c5c1993214b058276ea47b0088fde652b0c19df486-47-9-Empty-96507226183603695326192268084985325548760764213341340673110860941131826541772 , 1d41aa5018f96bf98102653d63de902de7638c58f972bbd3cd9f9c905059b1f2
49 , <__main__.Block object at 0x7f8787443c50> , 5228d5693c3bbc775bb100e543a2c34a7b0f0673ca77f5cb408b6227fedbe9b4-4149e6d8ac6a671780bfeada5c3618154d42da85ceb5c62fae53a3ab20e855e8-48-2-Empty-75350315380600162380881578858246268876030893038061231639631840360945872083640 , 5228d5693c3bbc775bb100e543a2c34a7b0f0673ca77f5cb408b6227fedbe9b4
50 , <__main__.Block object at 0x7f87870ac240> , fee1808b2f2ec370c8ee47d78cb882000dc90643eae20669a32518fd0ae87d77-f2ace790f430414d0ed6315d8b9491f6506e74b778aff3486f0781693d7ca7d2-49-3-Empty-8863077464893937958613712274288731225967318970240994391910293614175299166311 , fee1808b2f2ec370c8ee47d78cb882000dc90643eae20669a32518fd0ae87d77
